issued_date,last_close,model,pred_close,pred_direction,pred_pct_change,target_date,actual_close,actual_direction,correct,abs_error
2026-07-07,88.8,random_walk,88.8,-1,0.0,2026-07-08,106.56,1,0,17.760000000000005
2026-07-07,88.8,moving_average,92.294,1,3.934684684684685,2026-07-08,106.56,1,1,14.266000000000005
2026-07-07,88.8,arima,88.57896183788746,-1,-0.24891684922582774,2026-07-08,106.56,1,0,17.98103816211254
2026-07-07,88.8,random_forest,88.8418037263501,-1,0.04707626841226754,2026-07-08,106.56,1,0,17.71819627364991
2026-07-07,88.8,lstm_univariate,88.9037415985465,1,0.1168261244893074,2026-07-08,106.56,1,1,17.6562584014535
2026-07-07,88.8,lstm_multivariate,88.82745967823266,1,0.030923061072826385,2026-07-08,106.56,1,1,17.732540321767345
2026-07-07,88.8,sentiment,87.91199999999999,-1,-1.0,2026-07-08,106.56,1,0,18.64800000000001
2026-07-08,106.56,random_walk,106.56,-1,0.0,2026-07-09,107.28,1,0,0.7199999999999989
2026-07-08,106.56,moving_average,94.252,-1,-11.550300300300306,2026-07-09,107.28,1,0,13.028000000000006
2026-07-08,106.56,arima,106.25118739989733,-1,-0.289801614210463,2026-07-09,107.28,1,0,1.0288126001026683
2026-07-08,106.56,random_forest,106.58635465503477,1,0.02473222131639348,2026-07-09,107.28,1,1,0.6936453449652333
2026-07-08,106.56,lstm_univariate,106.68680300488472,1,0.11899681389331818,2026-07-09,107.28,1,1,0.593196995115278
2026-07-08,106.56,lstm_multivariate,106.61244315876961,1,0.0492146760225296,2026-07-09,107.28,1,1,0.6675568412303932
2026-07-08,106.56,sentiment,107.6256,1,1.0,2026-07-09,107.28,1,1,0.34560000000000457
2026-07-09,107.28,random_walk,107.28,-1,0.0,2026-07-10,111.24,1,0,3.9599999999999937
2026-07-09,107.28,moving_average,96.968,-1,-9.612229679343772,2026-07-10,111.24,1,0,14.271999999999991
2026-07-09,107.28,arima,107.12334361468915,-1,-0.14602571337700723,2026-07-10,111.24,1,0,4.116656385310847
2026-07-09,107.28,random_forest,107.30586245642013,1,0.024107435141810615,2026-07-10,111.24,1,1,3.9341375435798653
2026-07-09,107.28,lstm_univariate,107.39773471128345,1,0.10974525660276413,2026-07-10,111.24,1,1,3.842265288716547
2026-07-09,107.28,lstm_multivariate,106.9836307780981,-1,-0.2762576639652252,2026-07-10,111.24,1,0,4.256369221901892
2026-07-09,107.28,sentiment,106.2072,-1,-1.0,2026-07-10,111.24,1,0,5.032799999999995
2026-07-10,111.24,random_walk,111.24,-1,0.0,2026-07-13,107.02,-1,1,4.219999999999999
2026-07-10,111.24,moving_average,100.80799999999999,-1,-9.377921610931322,2026-07-13,107.02,-1,1,6.212000000000003
2026-07-10,111.24,arima,111.09819617863783,-1,-0.12747556756756562,2026-07-13,107.02,-1,1,4.078196178637839
2026-07-10,111.24,random_forest,111.8172975256535,1,0.5189657727917163,2026-07-13,107.02,-1,0,4.797297525653505
2026-07-10,111.24,lstm_univariate,111.35334850858749,1,0.10189545899629593,2026-07-13,107.02,-1,0,4.333348508587491
2026-07-10,111.24,lstm_multivariate,110.76626390129327,-1,-0.4258684813976288,2026-07-13,107.02,-1,1,3.7462639012932755
2026-07-10,111.24,sentiment,112.35239999999999,1,1.0,2026-07-13,107.02,-1,0,5.332399999999993
2026-07-13,107.02,random_walk,107.02,-1,0.0,2026-07-14,105.97,-1,1,1.0499999999999972
2026-07-13,107.02,moving_average,104.17999999999999,-1,-2.653709586993089,2026-07-14,105.97,-1,1,1.7900000000000063
2026-07-13,107.02,arima,107.02839018598016,1,0.007839829919791992,2026-07-14,105.97,-1,0,1.0583901859801585
2026-07-13,107.02,random_forest,106.53752231884329,-1,-0.45082945351962983,2026-07-14,105.97,-1,1,0.5675223188432881
2026-07-13,107.02,lstm_univariate,107.12203351236731,1,0.09534060209989548,2026-07-14,105.97,-1,0,1.1520335123673107
2026-07-13,107.02,lstm_multivariate,106.46236300213336,-1,-0.5210586786270142,2026-07-14,105.97,-1,1,0.4923630021333594
2026-07-13,107.02,sentiment,105.9498,-1,-1.0,2026-07-14,105.97,-1,1,0.02020000000000266
2026-07-14,105.97,random_walk,105.97,-1,0.0,2026-07-15,108.8,1,0,2.8299999999999983
2026-07-14,105.97,moving_average,107.61399999999999,1,1.5513824667358602,2026-07-15,108.8,1,1,1.186000000000007
2026-07-14,105.97,arima,105.99321254429704,1,0.021904826174425365,2026-07-15,108.8,1,1,2.8067874557029597
2026-07-14,105.97,random_forest,105.52134950459863,-1,-0.4233750074562296,2026-07-15,108.8,1,0,3.278650495401365
2026-07-14,105.97,lstm_univariate,106.06845130201727,1,0.09290488064289093,2026-07-15,108.8,1,1,2.7315486979827313
2026-07-14,105.97,lstm_multivariate,105.5108162114173,-1,-0.43331488966941833,2026-07-15,108.8,1,0,3.2891837885826902
2026-07-14,105.97,sentiment,104.91029999999999,-1,-1.0,2026-07-15,108.8,1,0,3.889700000000005
2026-07-15,108.8,random_walk,108.8,-1,0.0,2026-07-16,112.6,1,0,3.799999999999997
2026-07-15,108.8,moving_average,108.06199999999998,-1,-0.6783088235294245,2026-07-16,112.6,1,0,4.538000000000011
2026-07-15,108.8,arima,108.75875455895111,-1,-0.037909412728755774,2026-07-16,112.6,1,0,3.8412454410488834
2026-07-15,108.8,random_forest,108.45872578228699,-1,-0.3136711559862222,2026-07-16,112.6,1,0,4.141274217713004
2026-07-15,108.8,lstm_univariate,108.8993608136177,1,0.09132427722215652,2026-07-16,112.6,1,1,3.70063918638229
2026-07-15,108.8,lstm_multivariate,108.35176552963256,-1,-0.41198021173477173,2026-07-16,112.6,1,0,4.248234470367436
2026-07-15,108.8,sentiment,109.88799999999999,1,1.0,2026-07-16,112.6,1,1,2.7120000000000033
2026-07-17,107.48,random_walk,107.48,-1,0.0,2026-07-20,113.02,1,0,5.539999999999992
2026-07-17,107.48,moving_average,108.374,1,0.8317826572385478,2026-07-20,113.02,1,1,4.646000000000001
2026-07-17,107.48,arima,107.53328280128827,1,0.04957461973228674,2026-07-20,113.02,1,1,5.48671719871173
2026-07-17,107.48,random_forest,107.04136818820959,-1,-0.4081055189713598,2026-07-20,113.02,1,0,5.978631811790407
2026-07-17,107.48,lstm_univariate,107.57191314752102,1,0.08551651239395142,2026-07-20,113.02,1,1,5.44808685247898
2026-07-17,107.48,lstm_multivariate,106.75620362262727,-1,-0.673424243927002,2026-07-20,113.02,1,0,6.263796377372728
2026-07-17,107.48,sentiment,106.40520000000001,-1,-1.0,2026-07-20,113.02,1,0,6.614799999999988
2026-07-20,113.02,random_walk,113.02,-1,0.0,2026-07-21,116.6,1,0,3.5799999999999983
2026-07-20,113.02,moving_average,109.574,-1,-3.0490178729428403,2026-07-21,116.6,1,0,7.025999999999996
2026-07-20,113.02,arima,112.93984852989027,-1,-0.07091795267185111,2026-07-21,116.6,1,0,3.6601514701097244
2026-07-20,113.02,random_forest,112.94862833759275,-1,-0.06314958627432475,2026-07-21,116.6,1,0,3.651371662407243
2026-07-20,113.02,lstm_univariate,113.11580260114074,1,0.08476606011390686,2026-07-21,116.6,1,1,3.4841973988592514
2026-07-20,113.02,lstm_multivariate,112.26427219896317,-1,-0.6686673164367676,2026-07-21,116.6,1,0,4.335727801036825
2026-07-20,113.02,sentiment,114.1502,1,1.0,2026-07-21,116.6,1,1,2.449799999999996
2026-07-21,116.6,random_walk,116.6,-1,0.0,2026-07-22,118.91,1,0,2.3100000000000023
2026-07-21,116.6,moving_average,111.7,-1,-4.202401372212686,2026-07-22,118.91,1,0,7.209999999999994
2026-07-21,116.6,arima,116.49559909892852,-1,-0.08953765100469273,2026-07-22,118.91,1,0,2.414400901071474
2026-07-21,116.6,random_forest,116.85763061051219,1,0.2209524961511072,2026-07-22,118.91,1,1,2.052369389487808
2026-07-21,116.6,lstm_univariate,116.69453587119281,1,0.08107707649469376,2026-07-22,118.91,1,1,2.2154641288071844
2026-07-21,116.6,lstm_multivariate,115.72184727072715,-1,-0.753132700920105,2026-07-22,118.91,1,0,3.1881527292728435
2026-07-21,116.6,sentiment,117.76599999999999,1,1.0,2026-07-22,118.91,1,1,1.1440000000000055
2026-07-22,118.91,random_walk,118.91,-1,0.0,2026-07-23,110.77,-1,1,8.14
2026-07-22,118.91,moving_average,113.72199999999998,-1,-4.36296358590532,2026-07-23,110.77,-1,1,2.951999999999984
2026-07-22,118.91,arima,118.81925709541171,-1,-0.07631225682304446,2026-07-23,110.77,-1,1,8.049257095411718
2026-07-22,118.91,random_forest,119.28749841696306,1,0.31746566055257974,2026-07-23,110.77,-1,0,8.517498416963065
2026-07-22,118.91,lstm_univariate,119.0009083578758,1,0.07645139843225479,2026-07-23,110.77,-1,0,8.230908357875805
2026-07-22,118.91,lstm_multivariate,117.87489727603197,-1,-0.8704925775527954,2026-07-23,110.77,-1,1,7.104897276031977
2026-07-22,118.91,sentiment,117.7209,-1,-1.0,2026-07-23,110.77,-1,1,6.950900000000004
2026-07-23,110.77,random_walk,110.77,-1,0.0,2026-07-24,100.05,-1,1,10.719999999999999
2026-07-23,110.77,moving_average,113.356,1,2.3345671210616583,2026-07-24,100.05,-1,0,13.305999999999997
2026-07-23,110.77,arima,110.88172155389982,1,0.10085903574959523,2026-07-24,100.05,-1,0,10.831721553899825
2026-07-23,110.77,random_forest,110.26564020024826,-1,-0.4553216572643663,2026-07-24,100.05,-1,1,10.21564020024826
2026-07-23,110.77,lstm_univariate,110.85211894941926,1,0.07413464784622192,2026-07-24,100.05,-1,0,10.802118949419267
2026-07-23,110.77,lstm_multivariate,109.80331492432951,-1,-0.8726957440376282,2026-07-24,100.05,-1,1,9.753314924329516
2026-07-23,110.77,sentiment,109.6623,-1,-1.0,2026-07-24,100.05,-1,1,9.612300000000005
2026-07-24,100.05,random_walk,100.05,-1,0.0,2026-07-27,102.5,1,0,2.450000000000003
2026-07-24,100.05,moving_average,111.86999999999998,1,11.814092953523218,2026-07-27,102.5,1,1,9.369999999999976
2026-07-24,100.05,arima,100.293683100259,1,0.24356131959920582,2026-07-27,102.5,1,1,2.2063168997409974
2026-07-24,100.05,random_forest,99.0332358470837,-1,-1.0162560249038386,2026-07-27,102.5,1,0,3.466764152916298
2026-07-24,100.05,lstm_univariate,100.12792319896816,1,0.0778842568397522,2026-07-27,102.5,1,1,2.372076801031838
2026-07-24,100.05,lstm_multivariate,99.01460251790284,-1,-1.0348800420761108,2026-07-27,102.5,1,0,3.485397482097156
2026-07-24,100.05,sentiment,99.0495,-1,-1.0,2026-07-27,102.5,1,0,3.4505000000000052
2026-07-27,102.5,random_walk,102.5,-1,0.0,2026-07-28,102.5,1,0,0.0
2026-07-27,102.5,moving_average,109.76599999999999,1,7.088780487804868,2026-07-28,102.5,1,1,7.265999999999991
2026-07-27,102.5,arima,102.57531785467599,1,0.07348083383023117,2026-07-28,102.5,1,1,0.07531785467598695
2026-07-27,102.5,random_forest,102.53073238245766,-1,0.029982812153810094,2026-07-28,102.5,1,0,0.03073238245765708
2026-07-27,102.5,lstm_univariate,102.58744922317565,1,0.08531631529331207,2026-07-28,102.5,1,1,0.0874492231756534
2026-07-27,102.5,lstm_multivariate,101.75525926351547,-1,-0.7265763282775879,2026-07-28,102.5,1,0,0.7447407364845304
2026-07-27,102.5,sentiment,103.525,1,1.0,2026-07-28,102.5,1,1,1.0250000000000057
2026-07-28,102.5,random_walk,102.5,-1,0.0,2026-07-29,103.22,1,0,0.7199999999999989
2026-07-28,102.5,moving_average,106.946,1,4.337560975609754,2026-07-29,103.22,1,1,3.725999999999999
2026-07-28,102.5,arima,102.53631523474334,1,0.03542949731057688,2026-07-29,103.22,1,1,0.6836847652566576
2026-07-28,102.5,random_forest,101.78828896940658,-1,-0.6943522249691925,2026-07-29,103.22,1,0,1.4317110305934193
2026-07-28,102.5,lstm_univariate,102.5916362227872,1,0.08940119296312332,2026-07-29,103.22,1,1,0.6283637772127975
2026-07-28,102.5,lstm_multivariate,101.83949635326863,-1,-0.644393801689148,2026-07-29,103.22,1,0,1.3805036467313698
2026-07-28,102.5,sentiment,103.525,1,1.0,2026-07-29,103.22,1,1,0.3050000000000068
2026-07-29,103.22,random_walk,103.22,-1,0.0,2026-07-30,104.3,1,0,1.0799999999999983
2026-07-29,103.22,moving_average,103.80799999999999,1,0.5696570432086745,2026-07-30,104.3,1,1,0.49200000000000443
2026-07-29,103.22,arima,103.2244579149146,1,0.004318848008715382,2026-07-30,104.3,1,1,1.0755420850854023
2026-07-29,103.22,random_forest,102.74993813819228,-1,-0.4553980447662397,2026-07-30,104.3,1,0,1.5500618618077198
2026-07-29,103.22,lstm_univariate,103.31503968960196,1,0.09207487851381302,2026-07-30,104.3,1,1,0.9849603103980371
2026-07-29,103.22,lstm_multivariate,102.58721319035291,-1,-0.6130467057228088,2026-07-30,104.3,1,0,1.7127868096470849
2026-07-29,103.22,sentiment,102.1878,-1,-1.0,2026-07-30,104.3,1,0,2.1122000000000014
2026-07-30,104.3,random_walk,104.3,-1,0.0,2026-07-31,119.71,1,0,15.409999999999997
2026-07-30,104.3,moving_average,102.51399999999998,-1,-1.7123681687440229,2026-07-31,119.71,1,0,17.196000000000012
2026-07-30,104.3,arima,104.28210915914262,-1,-0.017153251061722084,2026-07-31,119.71,1,0,15.427890840857373
2026-07-30,104.3,random_forest,103.49439655802004,-1,-0.7723906442760801,2026-07-31,119.71,1,0,16.21560344197995
2026-07-30,104.3,lstm_univariate,104.3973233231306,1,0.09331095218658447,2026-07-31,119.71,1,1,15.312676676869387
2026-07-30,104.3,lstm_multivariate,103.65765119683742,-1,-0.6158665418624878,2026-07-31,119.71,1,0,16.052348803162573
2026-07-30,104.3,sentiment,105.343,1,1.0,2026-07-31,119.71,1,1,14.36699999999999
2026-07-31,119.71,random_walk,119.71,-1,0.0,2026-08-03,115.3,-1,1,4.409999999999997
2026-07-31,119.71,moving_average,106.446,-1,-11.080110266477318,2026-08-03,115.3,-1,1,8.854
2026-07-31,119.71,arima,119.4204028336319,-1,-0.241915601343327,2026-08-03,115.3,-1,1,4.1204028336319
2026-07-31,119.71,random_forest,119.2651623796541,1,-0.3715960407199928,2026-08-03,115.3,-1,0,3.965162379654103
2026-07-31,119.71,lstm_univariate,119.81826224269793,1,0.09043709188699722,2026-08-03,115.3,-1,0,4.518262242697929
2026-07-31,119.71,lstm_multivariate,118.69597110142706,-1,-0.8470711708068848,2026-08-03,115.3,-1,1,3.3959711014270653
2026-07-31,119.71,sentiment,120.9071,1,1.0,2026-08-03,115.3,-1,0,5.607100000000003
2026-08-03,115.3,random_walk,115.3,-1,0.0,2026-08-04,122.5,1,0,7.200000000000003
2026-08-03,115.3,moving_average,109.006,-1,-5.458803122289677,2026-08-04,122.5,1,0,13.494
2026-08-03,115.3,arima,115.23585145341919,-1,-0.0556362069217782,2026-08-04,122.5,1,0,7.264148546580813
2026-08-03,115.3,random_forest,114.35643684011177,-1,-0.818354865471147,2026-08-04,122.5,1,0,8.143563159888231
2026-08-03,115.3,lstm_univariate,115.39539701382816,1,0.08273808658123016,2026-08-04,122.5,1,1,7.104602986171841
2026-08-03,115.3,lstm_multivariate,114.1855422244668,-1,-0.9665722250938416,2026-08-04,122.5,1,0,8.3144577755332
2026-08-03,115.3,sentiment,114.14699999999999,-1,-1.0,2026-08-04,122.5,1,0,8.353000000000009
2026-08-04,122.5,random_walk,122.5,-1,0.0,2026-08-05,127.97,1,0,5.469999999999999
2026-08-04,122.5,moving_average,113.006,-1,-7.750204081632653,2026-08-05,127.97,1,0,14.963999999999999
2026-08-04,122.5,arima,122.33378171812996,-1,-0.13568839336330155,2026-08-05,127.97,1,0,5.636218281870043
2026-08-04,122.5,random_forest,121.65011365170731,-1,-0.6937847741164845,2026-08-05,127.97,1,0,6.319886348292684
2026-08-04,122.5,lstm_univariate,122.59451046846809,1,0.07715140283107758,2026-08-05,127.97,1,1,5.375489531531912
2026-08-04,122.5,lstm_multivariate,121.605125400424,-1,-0.730509877204895,2026-08-05,127.97,1,0,6.364874599575998
2026-08-04,122.5,sentiment,123.725,1,1.0,2026-08-05,127.97,1,1,4.2450000000000045
2026-08-05,127.97,random_walk,127.97,-1,0.0,2026-08-06,126.01,-1,1,1.9599999999999937
2026-08-05,127.97,moving_average,117.95599999999999,-1,-7.825271548019074,2026-08-06,126.01,-1,1,8.054000000000016
2026-08-05,127.97,arima,127.79536409391373,-1,-0.1364662859156567,2026-08-06,126.01,-1,1,1.7853640939137279
2026-08-05,127.97,random_forest,127.64338189956318,1,-0.25523021054686384,2026-08-06,126.01,-1,0,1.633381899563176
2026-08-05,127.97,lstm_univariate,128.05849435475244,1,0.06915242224931717,2026-08-06,126.01,-1,0,2.0484943547524352
2026-08-05,127.97,lstm_multivariate,127.07353237870336,-1,-0.7005295157432556,2026-08-06,126.01,-1,1,1.063532378703357
2026-08-05,127.97,sentiment,129.2497,1,1.0,2026-08-06,126.01,-1,0,3.239699999999985
2026-08-06,126.01,random_walk,126.01,-1,0.0,2026-08-07,122.94,-1,1,3.0700000000000074
2026-08-06,126.01,moving_average,122.298,-1,-2.9457979525434514,2026-08-07,122.94,-1,1,0.6419999999999959
2026-08-06,126.01,arima,125.9618388781543,-1,-0.03822007923633757,2026-08-07,122.94,-1,1,3.0218388781542984
2026-08-06,126.01,random_forest,125.70723204767124,-1,-0.2402729563755023,2026-08-07,122.94,-1,1,2.767232047671243
2026-08-06,126.01,lstm_univariate,126.0881692918308,1,0.06203419715166092,2026-08-07,122.94,-1,0,3.148169291830797
2026-08-06,126.01,lstm_multivariate,125.12949954298736,-1,-0.6987544298171997,2026-08-07,122.94,-1,1,2.189499542987363
2026-08-06,126.01,sentiment,124.74990000000001,-1,-1.0,2026-08-07,122.94,-1,1,1.8099000000000132
2026-08-07,122.94,random_walk,122.94,-1,0.0,2026-08-10,124.06,1,0,1.1200000000000045
2026-08-07,122.94,moving_average,122.944,1,0.0032536196518666736,2026-08-10,124.06,1,1,1.1159999999999997
2026-08-07,122.94,arima,122.97306164209905,1,0.02689250211408541,2026-08-10,124.06,1,1,1.086938357900948
2026-08-07,122.94,random_forest,122.44033946345945,-1,-0.4064263352371396,2026-08-10,124.06,1,0,1.6196605365405503
2026-08-07,122.94,lstm_univariate,123.01216636041998,1,0.05870047211647034,2026-08-10,124.06,1,1,1.0478336395800198
2026-08-07,122.94,lstm_multivariate,121.97629595521688,-1,-0.7838816046714783,2026-08-10,124.06,1,0,2.0837040447831185
2026-08-07,122.94,sentiment,121.7106,-1,-1.0,2026-08-10,124.06,1,0,2.349400000000003
2026-08-10,124.06,random_walk,124.06,-1,0.0,2026-08-11,125.55,1,0,1.4899999999999949
2026-08-10,124.06,moving_average,124.696,1,0.5126551668547442,2026-08-11,125.55,1,1,0.8539999999999992
2026-08-10,124.06,arima,124.05510779548489,-1,-0.003943418116327462,2026-08-11,125.55,1,0,1.4948922045151107
2026-08-10,124.06,random_forest,124.04009390815138,-1,-0.016045535908941786,2026-08-11,125.55,1,0,1.5099060918486202
2026-08-10,124.06,lstm_univariate,124.13139268717693,1,0.05754690244793892,2026-08-11,125.55,1,1,1.4186073128230703
2026-08-10,124.06,lstm_multivariate,123.47035263736248,-1,-0.4752920866012573,2026-08-11,125.55,1,0,2.079647362637516
2026-08-10,124.06,sentiment,125.3006,1,1.0,2026-08-11,125.55,1,1,0.2493999999999943
2026-08-11,125.55,random_walk,125.55,-1,0.0,2026-08-12,121.5,-1,1,4.049999999999997
2026-08-11,125.55,moving_average,125.306,-1,-0.19434488251692533,2026-08-12,121.5,-1,1,3.8059999999999974
2026-08-11,125.55,arima,125.51986106033515,-1,-0.02400552741127177,2026-08-12,121.5,-1,1,4.0198610603351455
2026-08-11,125.55,random_forest,125.31424239559217,-1,-0.1877798521766863,2026-08-12,121.5,-1,1,3.8142423955921743
2026-08-11,125.55,lstm_univariate,125.62044054656289,1,0.05610557273030281,2026-08-12,121.5,-1,0,4.1204405465628895
2026-08-11,125.55,lstm_multivariate,125.0188903388232,-1,-0.4230264127254486,2026-08-12,121.5,-1,1,3.518890338823198
2026-08-11,125.55,sentiment,126.8055,1,1.0,2026-08-12,121.5,-1,0,5.305499999999995
2026-08-12,121.5,random_walk,121.5,-1,0.0,2026-08-13,118.4,-1,1,3.0999999999999943
2026-08-12,121.5,moving_average,124.01199999999999,1,2.067489711934145,2026-08-13,118.4,-1,0,5.611999999999981
2026-08-12,121.5,arima,121.56147187892108,1,0.050594139029697636,2026-08-13,118.4,-1,0,3.161471878921077
2026-08-12,121.5,random_forest,121.40380467793214,-1,-0.07917310458259977,2026-08-13,118.4,-1,1,3.0038046779321377
2026-08-12,121.5,lstm_univariate,121.56722891114651,1,0.05533243715763092,2026-08-13,118.4,-1,0,3.167228911146509
2026-08-12,121.5,lstm_multivariate,121.00278526782989,-1,-0.40923023223876953,2026-08-13,118.4,-1,1,2.602785267829887
2026-08-12,121.5,sentiment,120.285,-1,-1.0,2026-08-13,118.4,-1,1,1.884999999999991
2026-08-14,124.07,random_walk,124.07,-1,0.0,2026-08-17,123.13,-1,1,0.9399999999999977
2026-08-14,124.07,moving_average,122.71599999999998,-1,-1.0913194164584619,2026-08-17,123.13,-1,1,0.4140000000000157
2026-08-14,124.07,arima,124.00485268263432,-1,-0.052508517260958454,2026-08-17,123.13,-1,1,0.8748526826343266
2026-08-14,124.07,random_forest,123.59433604591273,-1,-0.38338353678348663,2026-08-17,123.13,-1,1,0.4643360459127308
2026-08-14,124.07,lstm_univariate,124.14290833702273,1,0.05876387283205986,2026-08-17,123.13,-1,0,1.0129083370227363
2026-08-14,124.07,lstm_multivariate,123.5882242078483,-1,-0.38830965757369995,2026-08-17,123.13,-1,1,0.4582242078483034
2026-08-14,124.07,sentiment,122.82929999999999,-1,-1.0,2026-08-17,123.13,-1,1,0.3007000000000062
2026-08-17,123.13,random_walk,123.13,-1,0.0,2026-08-18,120.84,-1,1,2.289999999999992
2026-08-17,123.13,moving_average,122.53000000000002,-1,-0.4872898562494763,2026-08-18,120.84,-1,1,1.690000000000012
2026-08-17,123.13,arima,123.11654501644506,-1,-0.010927461670540456,2026-08-18,120.84,-1,1,2.2765450164450556
2026-08-17,123.13,random_forest,122.85825853511489,-1,-0.22069476560148188,2026-08-18,120.84,-1,1,2.0182585351148816
2026-08-17,123.13,lstm_univariate,123.20085458827093,1,0.057544536888599396,2026-08-18,120.84,-1,0,2.360854588270925
2026-08-17,123.13,lstm_multivariate,122.76984648790359,-1,-0.2924985885620117,2026-08-18,120.84,-1,1,1.929846487903589
2026-08-17,123.13,sentiment,121.89869999999999,-1,-1.0,2026-08-18,120.84,-1,1,1.0586999999999875
2026-08-19,114.56,random_walk,114.56,-1,0.0,2026-08-20,118.58,1,0,4.019999999999996
2026-08-19,114.56,moving_average,120.2,1,4.9231843575419,2026-08-20,118.58,1,1,1.6200000000000045
2026-08-19,114.56,arima,114.69642893375986,1,0.11908950223451396,2026-08-20,118.58,1,1,3.883571066240137
2026-08-19,114.56,random_forest,114.39962912701353,-1,-0.13998854136388972,2026-08-20,118.58,1,0,4.180370872986472
2026-08-19,114.56,lstm_univariate,114.62812096848488,1,0.05946313589811325,2026-08-20,118.58,1,1,3.9518790315151193
2026-08-19,114.56,lstm_multivariate,114.19978295078278,-1,-0.31443527340888977,2026-08-20,118.58,1,0,4.380217049217222
2026-08-19,114.56,sentiment,113.4144,-1,-1.0,2026-08-20,118.58,1,0,5.165599999999998
2026-08-20,118.58,random_walk,118.58,-1,0.0,,,,,
2026-08-20,118.58,moving_average,120.23599999999999,1,1.396525552369701,,,,,
2026-08-20,118.58,arima,118.56908412523667,-1,-0.00920549398155451,,,,,
2026-08-20,118.58,random_forest,118.2022863234272,-1,-0.31853067681968983,,,,,
2026-08-20,118.58,lstm_univariate,118.65480004946889,1,0.0630798190832138,,,,,
2026-08-20,118.58,lstm_multivariate,118.34286890425385,-1,-0.1999756246805191,,,,,
2026-08-20,118.58,sentiment,117.3942,-1,-1.0,,,,,
